user_id,month,income,food,transport,shopping,bills,housing,health,entertainment,monthly_debt_payments,monthly_surplus,total_expenses_next_month
SYNTHETIC-00,2025-01-01,20548.490743557977,2875.2019072511407,1590.054143496775,1012.8677659669456,1965.8757773615396,4843.738459176522,715.3408483800742,462.0508889187701,1027.4245371778989,3698.728333840436,13459.249385425266
SYNTHETIC-01,2025-01-01,18464.520930367555,3105.5277569835393,1593.3350322514739,1807.9236837073458,2335.268944836164,5056.101121070245,596.8849044540113,1044.2500940899,1477.1616744294045,6462.582325628644,15203.68262710253
SYNTHETIC-02,2025-01-01,21581.210542353092,2994.0088906816495,1477.8165163745687,3518.2884546715272,2346.7049606408837,4981.456462151744,648.6006613404271,1957.7439739414124,9711.544744058892,647.4363162705928,18110.928134745882
SYNTHETIC-03,2025-01-01,20657.79931585534,3049.5279133915187,1551.6985203609458,2056.9977121044553,2151.230198033846,4938.5308725114155,602.3472726102547,1073.9175307090595,2478.9359179026405,1652.6239452684272,15819.390322173807
SYNTHETIC-04,2025-01-01,19794.894576221224,2899.181222764497,1401.0622541170512,978.0711345389641,2289.190500544413,5065.178512196623,620.1388351253566,527.8593587680064,989.7447288110612,3563.08102371982,13821.521851254165
SYNTHETIC-05,2025-01-01,20393.639474112224,3104.571453353783,1526.8314658529619,1881.4696275686274,2208.109488338667,5034.694327842798,775.7545871006248,825.1413016173201,1631.491157928978,7137.773815939278,15244.687325949726
SYNTHETIC-06,2025-01-01,19153.32922227297,2923.334658210799,1466.982929852798,3779.3929573481273,2096.100266116811,5116.193402550978,498.05562740610344,1959.8137964017071,8618.998150022837,574.599876668189,17896.837210674075
SYNTHETIC-07,2025-01-01,21055.2001964467,3085.3471895751427,1595.201668223991,1758.1529913301874,2144.517784880252,5102.957105750858,677.0434810142062,846.9176411994493,2526.624023573604,1684.4160157157362,14813.487337072867
SYNTHETIC-08,2025-01-01,18344.9858851971,3059.659289286452,1517.0910883284678,982.8582424881322,2148.7296824396158,5019.024762929205,775.0708472760804,462.8784152335714,917.2492942598551,3302.097459335478,14125.183661126619
SYNTHETIC-09,2025-01-01,18808.53330608003,2956.4335384121914,1454.1914527202005,1656.4992425293153,2258.4366976942697,4943.671719175673,701.4992942473225,1057.689599068709,1504.6826644864025,6582.98665712801,15184.707455458163
SYNTHETIC-10,2025-01-01,21197.693196151016,2988.1817418588694,1449.2042025547016,3590.4338146912323,1997.5198679250364,4826.34650330923,541.2760465174717,1880.330380687822,9538.961938267958,635.9307958845304,17413.213536897565
SYNTHETIC-11,2025-01-01,18370.13770035189,2954.620493515273,1655.9073957343278,1757.248323472629,2288.5018682160503,4887.965878398814,675.3474930558843,885.9973534107303,2204.4165240422267,1469.6110160281512,14986.927229238512
SYNTHETIC-00,2025-02-01,21512.554647423312,2792.721549216918,1552.1308372255028,928.5282722798734,2128.7020053163847,4826.473057473386,708.6555409256644,436.4608749123437,1075.6277323711656,3872.259836536196,13455.10881132422
SYNTHETIC-01,2025-02-01,20039.333861942196,3192.21346695851,1471.2773247032371,1677.1803008853763,2221.513076194758,5026.399602076612,863.1025090288524,1100.2133495097494,1603.1467089553757,7013.7668516797685,15676.804500059423
SYNTHETIC-02,2025-02-01,22633.94520419521,2857.348433481258,1423.2298160700302,3488.810887031337,2153.2228236213077,4834.797662293243,776.2181136177285,1973.3332763481471,10185.275341887846,679.0183561258563,16992.178809387122
SYNTHETIC-03,2025-02-01,18171.957653826426,3037.6216616940233,1600.5751881473257,2039.6077070030144,2549.6634959208795,5049.729131993119,581.2554255961763,744.154446312243,2180.634918459171,1453.7566123061142,15696.306068487123
SYNTHETIC-04,2025-02-01,18536.706028441415,2950.1571287784377,1426.548384112823,883.1050936300338,2327.9176276945173,5018.845828093441,680.9638195553574,375.7215496609026,926.8353014220708,3336.6070851194545,13077.120400878986
SYNTHETIC-05,2025-02-01,19124.645763668006,2993.5460939018017,1712.151589629586,1815.6329425767462,2317.928741322767,4940.084528175302,557.806748029957,884.1859885321154,1529.9716610934406,6693.626017283802,14967.507509580762
SYNTHETIC-06,2025-02-01,23831.245518383297,2901.4335984930735,1600.6187044483613,3491.6487386295566,2311.7887615449094,5046.194115932703,681.2034522810292,1995.1084968637479,10724.060483272484,714.9373655514989,17798.820174793094
SYNTHETIC-07,2025-02-01,20802.929962667746,2945.4019823591066,1352.9273083479302,1646.6474910816457,2220.710550126654,5189.490950769252,719.1989936288126,985.7634008668141,2496.351595520129,1664.2343970134198,15160.179826041105
SYNTHETIC-08,2025-02-01,22350.803135072285,3026.325900163663,1450.6887322999514,1032.7546452071867,2251.450772615394,5184.290719039519,721.9881324666287,353.06371619353996,1117.5401567536144,4023.144564313011,13541.7068982499
SYNTHETIC-09,2025-02-01,22971.67027801625,3206.8398864939954,1478.457694406088,1754.0175214636815,2375.373315069064,4867.154518154782,592.6327577253008,1077.1992153626852,1837.7336222412998,8040.084597305687,15213.56311567474
SYNTHETIC-10,2025-02-01,19990.78063990387,2980.3868521770587,1540.508945855872,3768.897823357646,2210.8701888282094,5077.272655193223,453.9793478762773,1994.1537917683859,8995.851287956742,599.7234191971161,17730.939010454167
SYNTHETIC-11,2025-02-01,17806.13649123747,2894.62171596855,1459.9051871159027,1909.9083050827217,2040.8328738712523,5003.6757791113305,641.8996679999706,960.6792286765647,2136.736378948496,1424.4909192989976,15262.487996682905
SYNTHETIC-00,2025-03-01,20968.607786607066,3160.487772893129,1481.459318490012,816.4868865995156,2173.13694197434,5029.099614952546,721.1888030144453,369.873431331996,1048.4303893303534,3774.349401589272,13783.404192825741
SYNTHETIC-01,2025-03-01,20410.81099425003,3302.0968845040707,1725.2213533538004,1697.6107979329415,2165.5139966140987,4824.386959779559,629.1151583243816,1037.872600430841,1632.8648795400024,7143.78384798751,15803.866518250576
SYNTHETIC-02,2025-03-01,18687.649092061503,2921.5024271918646,1242.3253164313614,3580.480089534611,2072.5102705768522,4936.467268716071,594.7767066198894,1988.6884934896932,8409.442091427676,560.629472761845,16721.545635585524
SYNTHETIC-03,2025-03-01,17359.318558296218,3255.5096534433956,1345.5092902471163,1668.3857305854433,2420.429623398558,5348.6080603088485,559.4120045409591,955.8101251854364,2083.118226995546,1388.7454846636974,15673.208930538935
SYNTHETIC-04,2025-03-01,23111.655759930065,2881.5771505886114,1470.5666584869468,993.2805091274092,2252.1719289359944,4954.861271452388,683.941244258075,335.0125029956022,1155.5827879965034,4160.098036787412,13488.050455453895
SYNTHETIC-05,2025-03-01,19520.50251798388,3027.8603867551506,1433.3607337417181,1856.5846227054167,2321.5258981383795,5018.651519320216,742.2107690079044,1006.378641709344,1561.6402014387106,6832.175881294358,15406.602108960124
SYNTHETIC-06,2025-03-01,18701.195539622873,3037.979311400797,1488.3256081903812,3851.1801970716715,2388.802588297029,5046.30158630678,608.4331348366279,1866.51062336199,8415.537992830294,561.0358661886862,18704.43308304638
SYNTHETIC-07,2025-03-01,20472.94860526485,3057.617208406993,1290.649681563097,1911.2926177869817,2254.5304405857237,4866.748317870262,643.4170231060061,1031.6460645227824,2456.7538326317817,1637.835888421188,15074.264733266531
SYNTHETIC-08,2025-03-01,19474.0918655536,2987.5814078320846,1469.7627146151738,918.3075014522963,2376.579036759179,4692.000987088244,671.5779682588379,521.1814905646936,973.70459327768,3505.336535799648,13740.589002960995
SYNTHETIC-09,2025-03-01,19330.55375362168,2789.19338610257,1539.3594580456931,2007.2820256997022,2015.9366314100635,5103.659361643782,660.5769732252527,992.6410785005384,1546.4443002897344,6765.693813767588,14740.13443588122
SYNTHETIC-10,2025-03-01,19397.978889759423,3156.005351363875,1569.9186290385248,3807.877392649193,2341.2894266773233,5052.690401471549,909.2721431401351,2052.679179048596,8729.09050039174,581.9393666927826,19179.528385268168
SYNTHETIC-11,2025-03-01,19466.172283637527,3007.9854979031047,1416.3091412039669,1918.7500721513825,2058.6035652262162,5093.882041090119,677.1218730993809,1140.5496512160782,2335.940674036503,1557.2937826910022,15576.00598794619
SYNTHETIC-00,2025-04-01,23277.163083764244,3087.6929629366373,1311.3551693216111,891.9656192522159,2059.3591368886223,4937.806418916047,881.3474119932066,576.5040573077235,1163.8581541882122,4189.889355077564,13501.405126613503
SYNTHETIC-01,2025-04-01,18175.308740407283,3003.9338511451515,1354.0127820742646,1719.4631667124104,2237.4411365861492,5138.637444332803,773.0513766669328,725.0452589682279,1454.0246992325826,6361.358059142549,15058.113371646532
SYNTHETIC-02,2025-04-01,20129.66043181864,3049.6668342447233,1693.945161798145,3352.4114067834307,2129.0675889770673,5070.908758735202,510.2086720655269,2177.113885766421,9058.347194318389,603.8898129545591,18112.24712281575
SYNTHETIC-03,2025-04-01,21523.851174518128,2931.486760617385,1597.6516427959452,1928.2165867186845,2227.9453624164603,5028.128107123844,732.4411887138072,896.3985682312742,2582.8621409421753,1721.9080939614503,15290.633178533277
SYNTHETIC-04,2025-04-01,19725.459441585754,3046.0072637224193,1619.9789096292354,772.9756701625909,2184.9989163616506,5177.774665719076,610.7694125424923,401.3299979251616,986.2729720792877,3550.5826994854356,13884.642003203544
SYNTHETIC-05,2025-04-01,21519.893342873576,3001.371126667279,1659.4752708524388,1902.8152779079833,2301.0184080268073,5066.493980158892,979.3183720415302,975.3805973360747,1721.591467429886,7531.9626700057515,15184.640230767725
SYNTHETIC-06,2025-04-01,22887.657850730855,2945.076068285181,1512.945653321164,3757.1460821832634,2007.728855072929,4849.802334307264,507.8466475457376,1904.703645196949,10299.446032828884,686.6297355219256,17639.122098018433
SYNTHETIC-07,2025-04-01,20943.538117062988,3033.1529015194265,1330.468093932916,1522.7875876040828,2206.522430246846,4943.3868759634,755.1262926059934,1084.2344351465524,2513.2245740475587,1675.483049365039,14924.063118239756
SYNTHETIC-08,2025-04-01,21368.239553676536,3027.5053648938083,1563.607764672176,815.4392084556141,2178.446630340225,5023.613131598835,798.4634170500902,452.75105933305133,1068.4119776838268,3846.2831196617763,14042.235115850039
SYNTHETIC-09,2025-04-01,19521.490174552317,2985.8949399206244,1599.5422850428888,1560.8327554735013,2044.4233206310287,4822.137752306861,419.9660656182034,918.6082671813788,1561.7192139641854,6832.52156109331,14613.707251079197
SYNTHETIC-10,2025-04-01,19487.208680511365,3023.734809833022,1630.706099605295,3759.322335872123,2191.7034478328633,5162.430306748328,711.0551990120931,1899.5122131407045,8769.243906230115,584.6162604153409,18170.42428877487
SYNTHETIC-11,2025-04-01,17335.03427738297,2893.423937551962,1457.0379974310686,1896.4302023254322,2406.492379739918,4834.138218154755,747.1392961911903,875.1347273010958,2080.2041132859563,1386.8027421906374,15275.940739657543
SYNTHETIC-00,2025-05-01,19764.04402876209,2780.2913008982964,1611.395638988218,827.3999144629523,2135.9319713951736,4871.6297106452375,621.4860067974934,551.34685288339,988.2022014381046,3557.5279251771763,13333.24587674302
SYNTHETIC-01,2025-05-01,20591.591604108467,3043.4306224714614,1658.47939866338,1758.8656618962746,2022.7770619785122,5128.066689988638,660.2214193483294,1133.7510933492852,1647.3273283286774,7207.057061437963,15539.773937309745
SYNTHETIC-02,2025-05-01,19763.95244563398,3041.8531072855553,1734.1215072151558,3849.2376634864504,2208.3257362159334,5019.222871198049,829.1488188959663,1898.5206760679184,8893.77860053529,592.9185733690193,18697.005010781417
SYNTHETIC-03,2025-05-01,19953.446873683057,3037.6689853749062,1399.9957432860713,1609.2519008029237,1951.241987681045,4865.9139064412475,644.95896580728,964.8170096021486,2394.413624841967,1596.2757498946446,15151.879405845953
SYNTHETIC-04,2025-05-01,21990.788065833138,2884.5490660390046,1541.7250142941148,851.150611637961,2165.8763394351886,5022.239077929846,774.3005340370472,459.28898193391814,1099.539403291657,3958.3418518499648,14071.477661764106
SYNTHETIC-05,2025-05-01,17944.51119294367,3000.7606874834723,1811.7208471914998,1826.769569115033,2371.9857407927407,5010.982421380785,769.6932514395756,993.186016672877,1435.5608954354936,6280.578917530284,15725.455880668513
SYNTHETIC-06,2025-05-01,18596.931685894244,3051.6361630749066,1397.8155372977078,3679.8702283576113,2330.2344405335093,5043.983768868467,665.650151973317,2054.4758695170435,8368.61925865241,557.9079505768273,18115.63059018132
SYNTHETIC-07,2025-05-01,21683.98482583727,2780.231269894185,1459.7271158257624,1561.1025605851203,2020.5927003727354,5163.6634675776695,807.4221978366023,913.6623720058251,2602.0781791004724,1734.7187860669817,14180.525474483586
SYNTHETIC-08,2025-05-01,14663.84809188503,2934.780539048084,1790.4498014696883,952.1861125756377,2132.851325674061,5055.809625140037,512.6849976406669,464.3211964762837,733.1924045942515,2639.4926565393052,13877.900713579967
SYNTHETIC-09,2025-05-01,19845.018826722113,3094.89673460281,1541.3574271483262,1880.1991221729597,2117.395326132309,5107.737849009266,895.472433714879,883.5820576418305,1587.601506137769,6945.756589352739,15209.947470922285
SYNTHETIC-10,2025-05-01,22404.411805376418,2977.038721596593,1668.458567047987,3546.895714572938,2374.6054691524855,5015.778298016654,730.9874587987234,2187.7661626003887,10081.985312419389,672.1323541612925,18374.91072468031
SYNTHETIC-11,2025-05-01,18305.980227335076,2946.1722950365975,1554.2800740771766,1612.1089113383382,2276.4965083181346,4935.3474418858705,837.7375192880277,712.6887634119435,2196.717627280209,1464.478418186806,14599.53349206963
SYNTHETIC-00,2025-06-01,16964.357327778616,2900.8524640363257,1529.7199081330732,878.4928049460294,2169.594691726238,4980.897815434393,724.4065888743933,378.97567496682706,848.2178663889308,3053.584319000151,13810.337322431948
SYNTHETIC-01,2025-06-01,21192.798746693872,3046.2045525187323,1566.7840131301516,1835.5701600970392,2444.208796327728,4989.548699473698,663.1500137998507,909.5766903571147,1695.4238997355098,7417.479561342855,15093.75099100207
SYNTHETIC-02,2025-06-01,17759.950782318065,2893.34432241229,1491.5183542017514,3640.1154154197257,2206.1370470262596,4908.135766708435,808.0221476823956,2088.7295206761137,7991.977852043129,532.7985234695419,17980.125666529264
SYNTHETIC-03,2025-06-01,18824.750939603517,3065.811350499576,1522.5568304983326,1626.2247288701942,2191.8423692818715,5031.444297448926,592.0366256214695,1022.7812071404932,2258.9701127524218,1505.9800751682812,14543.509539520635
SYNTHETIC-04,2025-06-01,22405.134980021907,3149.7539982071316,1469.6979198836443,943.6145205406888,1910.809364104015,4861.23828076816,664.7465295817444,371.3440374287769,1120.2567490010954,4032.924296403943,13621.243419434892
SYNTHETIC-05,2025-06-01,23595.13375534639,2858.806233668484,1399.504391509777,1828.2538041971916,2393.3339378199544,4853.315082495212,729.8843346768331,1218.555862097573,1887.6107004277112,8258.296814371235,14703.537944602282
SYNTHETIC-06,2025-06-01,17694.075427677504,2949.1672072246993,1437.5293904573507,3697.5121545304373,2228.9991663785004,4787.004552842945,761.8492483480973,1930.6953335173218,7962.333942454877,530.8222628303251,18238.813579228787
SYNTHETIC-07,2025-06-01,18870.342434413546,2923.606166027732,1564.9357932965438,1891.5511778804323,2253.771923672344,4797.728321913823,764.5641327913901,875.8830337990721,2264.4410921296253,1509.6273947530838,15154.38718843723
SYNTHETIC-08,2025-06-01,17437.278016281693,3053.5586577051677,1403.2081314831153,746.0838419687374,2285.658416377888,5028.99734260121,626.3227838328523,674.1414618825277,871.8639008140847,3138.7100429307047,13663.742288302088
SYNTHETIC-09,2025-06-01,20057.793813147684,3032.269613721432,1425.6400879045664,1856.5363552079916,2135.9857183402332,4950.603401334055,863.5171167764009,875.129673698508,1604.6235050518148,7020.227834601689,14295.208851157866
SYNTHETIC-10,2025-06-01,22899.68659102141,3305.9193543128404,1451.3676881460801,3367.5794351255777,2162.741922856487,4965.653246019119,677.2091390773292,1866.3934349693782,10304.858965959635,686.9905977306423,17999.71062037358
SYNTHETIC-11,2025-06-01,20944.113275514956,2820.671325621683,1583.9036078033864,2046.3221978335068,2220.6352398924473,4959.520980551779,682.9596142710974,1073.8308120362274,2513.2935930617946,1675.5290620411965,14782.108716082601
SYNTHETIC-00,2025-07-01,20295.903265359146,2953.144326064463,1721.7390015547255,879.099271943405,2400.146513334342,4867.551116266159,770.4711000163351,538.3280316549475,1014.7951632679574,3653.262587764646,13826.312824081704
SYNTHETIC-01,2025-07-01,20319.313006346492,3145.502260419792,1461.144995485608,1596.9644820996284,2197.8924608227067,4891.709228624898,658.9190873603341,990.2094676377855,1625.5450405077195,7111.759552221272,14345.36370684532
SYNTHETIC-02,2025-07-01,17091.81498922278,3057.848020263063,1437.2737564596384,3292.230678981532,2294.181284392976,5032.684370632909,614.3350211156219,1841.980374673011,7691.316745150251,512.7544496766834,17863.066270228766
SYNTHETIC-03,2025-07-01,20628.831120608775,3285.912273922089,1550.4226318469925,1846.5243769514418,2179.9686483869723,5098.0131040640945,775.0102241497784,1150.2070010278235,2475.459734473053,1650.306489648702,15703.595238826141
SYNTHETIC-04,2025-07-01,19216.266548700867,2942.5076194905623,1594.8962065414787,1079.8049328356078,2144.939140822084,4949.027152664829,737.6892668643759,470.5086199984518,960.8133274350434,3458.927978766156,14252.59171781635
SYNTHETIC-05,2025-07-01,15946.800876885716,2900.7953943699727,1406.1100399246266,1521.5572785136626,2084.3633866757436,4890.181266098489,675.8674414577404,1133.5559069992316,1275.7440701508574,5581.38030691,14526.65948612272
SYNTHETIC-06,2025-07-01,18144.535303511922,2993.1654550543767,1625.900834572962,3482.8849420662114,2090.7310139294264,5067.025875112907,673.4156661123039,2077.6981628851368,8165.040886580366,544.3360591053577,18006.04557260497
SYNTHETIC-07,2025-07-01,21262.99456656122,2875.790626315123,1498.549841905408,1774.7171982764212,2054.0930891075045,4812.382646255757,782.2898842329594,957.8857141338426,2551.5593479873464,1701.0395653248977,14397.91090165045
SYNTHETIC-08,2025-07-01,19826.877913538003,3135.362262881916,1226.3114585553692,720.4033572116009,2089.253626972568,5175.341464006439,733.9104379503156,592.0780688553473,991.3438956769002,3568.8380244368404,13273.604354739375
SYNTHETIC-09,2025-07-01,17984.835424513054,3053.7376460067253,1506.9929197122535,1865.8486582636951,2177.4794810885855,5033.377247174555,718.974290188613,1093.332086690191,1438.7868339610443,6294.692398579568,15732.195227805185
SYNTHETIC-10,2025-07-01,17084.230410094813,2730.327773359097,1620.2094477181809,3742.5270111914324,2077.5252376583994,4776.819751214524,711.8841785208641,2111.7005871620636,7687.903684542666,512.5269123028444,18400.15206967657
SYNTHETIC-11,2025-07-01,20929.33562978261,2955.3939964097167,1392.8243254098165,1801.3741550004786,2164.0882355337694,4878.191851312542,945.8506781035944,1214.2202082486558,2511.5202755739133,1674.3468503826089,15749.560489262974
SYNTHETIC-00,2025-08-01,18342.46928394357,3102.6023189156735,1576.7551691397482,953.1054749044863,2349.9598320452533,5076.244537143353,788.8017083565203,576.4287540046652,917.1234641971786,3301.6444711098425,14543.174787310436
SYNTHETIC-01,2025-08-01,16789.49996651447,3010.034529289267,1433.256964938105,1646.4190850831976,2401.817994316099,5207.479440906284,863.1064720354734,1030.625610022705,1343.1599973211578,5876.324988280065,16065.45888892456
SYNTHETIC-02,2025-08-01,20021.695725083286,3024.3356732277334,1368.783435544562,3647.638956539861,2207.24631141093,4843.681745979864,693.8563465820084,1990.432452337183,9009.76307628748,600.6508717524986,18405.121329947768
SYNTHETIC-03,2025-08-01,21609.583991324136,3001.373452690976,1529.8544771761299,1805.3054853725037,2175.6503218245343,4870.108736313406,681.8737746871685,910.4682092016984,2593.1500789588963,1728.766719305931,14537.024018643315
SYNTHETIC-04,2025-08-01,20920.199266185562,3046.951759191988,1285.5950986358307,885.2778435005847,2319.484166307991,5127.106848667559,823.1004211462287,504.6695848281752,1046.0099633092782,3765.635867913401,13696.419857489154
SYNTHETIC-05,2025-08-01,18049.34211075549,3041.352588570043,1545.5136041238195,1954.4797333926078,2331.99755804105,4984.132561216259,550.6952945366957,961.7072083586922,1443.9473688604392,6317.269738764421,15445.90946642285
SYNTHETIC-06,2025-08-01,19636.250158299074,2930.652707030681,1530.3461777963878,3539.525071030727,2124.632069952955,5037.374340116413,651.7608903844954,2029.2925266774023,8836.312571234583,589.0875047489722,17939.205190987304
SYNTHETIC-07,2025-08-01,17949.027798035168,2942.2510651361504,1672.5332327899755,1660.5504584718856,1946.0014661235364,4776.578581610898,703.4931935892004,1003.7100733639239,2153.88333576422,1435.9222238428135,14663.954271686778
SYNTHETIC-08,2025-08-01,22185.541692071303,2679.2598680276474,1547.512064931699,1087.3725842164288,2064.6663082129944,4954.423218585212,609.6529699325655,392.67847447069653,1109.2770846035653,3993.3975045728344,13221.37378661918
SYNTHETIC-09,2025-08-01,22569.47351063211,3220.4864010585025,1459.6872929951824,2028.6072256877364,2204.269177238155,5210.442923204129,688.804162041581,1015.7269391255373,1805.5578808505688,7899.315728721238,15955.940186775815
SYNTHETIC-10,2025-08-01,25721.93662286156,3102.1542689813746,1415.1282564058245,3716.279744433103,2156.580095549879,4941.229978051855,809.0321631870534,2003.7302705325383,11574.871480287704,771.6580986858469,18241.636347220763
SYNTHETIC-11,2025-08-01,20025.173399357525,3040.389975192652,1550.9959076923378,1567.5639680753502,2279.988720233144,4882.157669620364,526.9241037328707,992.9906507369581,2403.020807922903,1602.0138719486022,14870.404346443735
SYNTHETIC-00,2025-09-01,18751.688903769893,3099.723822920157,1338.938980035491,851.1667501472929,2129.81510380804,4994.409527559279,733.4637141576686,379.05284604517465,937.5844451884947,3375.3040026785807,13780.069681782783
SYNTHETIC-01,2025-09-01,20113.40426300246,2772.9664496025707,1264.9690271523564,1798.5216848484827,2173.4839218656375,4987.589586371044,696.6421052163738,1027.0671807412216,1609.0723410401968,7039.691492050861,15052.91731924459
SYNTHETIC-02,2025-09-01,18000.011178348395,2859.3634088519048,1368.8011370535141,3634.670000060245,2349.3936854375734,4948.239267411259,399.79601870084144,1795.5208564867548,8100.005030256778,540.0003353504518,17064.221521023486
SYNTHETIC-03,2025-09-01,18996.08800250861,2950.993364729433,1504.6297347577101,1762.5904403013064,2325.920753265209,4918.877923318236,596.5218448629348,1057.4650646224554,2279.5305603010333,1519.687040200689,14579.524401383143
SYNTHETIC-04,2025-09-01,20701.445069576002,3012.306382047152,1482.30690120982,1090.5931328579115,2125.335106564634,5247.235780462889,672.948226092628,346.7580266035726,1035.0722534788001,3726.26011252368,14001.955409186796
SYNTHETIC-05,2025-09-01,18062.758639426218,2909.78929826238,1547.643996001859,1866.669850638015,2125.339875969489,5118.488617405568,838.9009309625361,1172.3562107875948,1445.0206911540974,6321.965523799176,15764.483472521444
SYNTHETIC-06,2025-09-01,22454.17168175426,2774.304188643113,1461.8512141645845,3495.959369241189,2214.307103335287,4931.426093696392,680.0610589660321,2225.8609856244857,10104.377256789416,673.6251504526277,17724.368084923954
SYNTHETIC-07,2025-09-01,20744.826170942386,2972.1276804090917,1509.08559455482,1800.7220016523286,2253.798887916779,5139.836904265661,897.6872797123995,1037.1544098291001,2489.3791405130864,1659.5860936753909,15816.75416845264
SYNTHETIC-08,2025-09-01,17928.44388346598,2989.4547909101257,1612.8347357860307,1003.9162366100584,2225.393167935406,5106.3672751481545,758.8920050792583,644.0367509911187,896.4221941732991,3227.1198990238763,14442.170667395141
SYNTHETIC-09,2025-09-01,19359.74303197214,3040.300950831963,1148.328674897667,1845.9462883662059,1762.190460974226,4793.18439111135,754.2122321129181,1057.3035204720154,1548.779442557771,6775.910061190249,13994.616445717369
SYNTHETIC-10,2025-09-01,18718.21632461791,3164.464918633696,1441.916384211279,3869.150437488358,2199.7696176188383,5048.964341225752,894.0249278198329,2015.7232539432102,8423.197346078061,561.5464897385373,18283.193487699184
SYNTHETIC-11,2025-09-01,19802.490586950276,2995.7267116571893,1336.2310017358122,1769.3001514391012,2110.9369487203076,5110.922930862492,704.1534249022307,966.0645101022916,2376.2988704340332,1584.199246956022,14956.172003701522
SYNTHETIC-00,2025-10-01,20401.6196331311,3074.017703962774,1380.0345325596743,775.0094840854474,2332.5615058483036,4950.519575335432,529.978948888375,553.2575251259725,1020.0809816565551,3672.291533963598,13757.55870791742
SYNTHETIC-01,2025-10-01,17244.71253693793,3027.5378058556325,1588.2699710914048,1844.9263742047515,2275.8377780513674,4831.4877082291105,739.7248185995435,963.6856288635464,1379.5770029550342,6035.649387928274,15102.493529341731
SYNTHETIC-02,2025-10-01,21567.000096955508,3177.5129412809074,1715.324406552043,3757.7769445807085,2186.831898204378,5042.326419563161,792.0187446141092,2014.5413539159354,9705.15004362998,647.0100029086652,18732.10017448028
SYNTHETIC-03,2025-10-01,21482.75563737713,2992.886082476888,1412.4855676351606,1750.263232099697,2276.069245328049,5000.359194943995,740.8251972242006,1080.4095090642627,2577.9306764852554,1718.6204509901704,15122.10351675809
SYNTHETIC-04,2025-10-01,21361.24669453365,3045.4611124150074,1351.8224295706225,1073.0765749423492,2139.91063074917,4801.388558817778,574.5947548496438,377.4745807186014,1068.0623347266826,3845.024405016057,13381.98930359331
SYNTHETIC-05,2025-10-01,19507.069090016772,2959.580163883129,1574.3642358578975,1840.7850433431245,2237.9257444773143,5049.179414879443,773.9361601602686,747.0455989867069,1560.5655272013419,6827.47418150587,15055.262973295323
SYNTHETIC-06,2025-10-01,16075.621883918946,3004.3271912157356,1499.4440433330785,3725.4638729747617,2342.5161271265347,5024.333005790284,639.956670712372,2058.2193335054885,7234.029847763526,482.2686565175684,18109.489071594744
SYNTHETIC-07,2025-10-01,19997.49322740197,3118.336358035292,1433.0674384812692,1896.6814367091001,2281.288164243076,4885.424981944301,816.8672953860881,1083.8279614445805,2399.6991872882363,1599.7994581921575,15551.167696824137
SYNTHETIC-08,2025-10-01,18627.817775550226,2896.8952777709314,1435.4804907716373,965.1113355950351,2085.324979911832,5052.501469834385,550.9893365345929,475.5117698673381,931.3908887775113,3353.0071995990406,13500.191374386655
SYNTHETIC-09,2025-10-01,24401.234261106052,2834.722121337556,1676.641747978816,1817.9810896784736,2249.3406301619157,5014.201749606585,753.367218183428,981.5577874765579,1952.0987408884841,8540.431991387119,15836.729907933443
SYNTHETIC-10,2025-10-01,19178.3519403955,3135.8681486615096,1422.6759455744373,3592.7697784318457,2071.364493725174,5054.602846441702,873.415114831184,1990.7172584214975,8630.258373177976,575.350558211865,18072.503591540983
SYNTHETIC-11,2025-10-01,17993.689466477732,2972.484881573723,1308.8646888334167,1690.4546415937407,2227.214325533096,5158.281583728967,1037.1053033475405,929.609789791492,2159.242735977328,1439.4951573182186,15826.37026922788
SYNTHETIC-00,2025-11-01,20438.754464722966,2981.850282390435,1551.9113342071382,907.4299780415951,2213.2474870734663,4951.0000204607995,532.226840824138,314.7649756973502,1021.9377232361484,3678.975803650134,13681.066627843353
SYNTHETIC-01,2025-11-01,19501.939837845715,2928.46933204126,1501.0206752067784,1895.3918703498753,2221.643673163168,4921.273407603084,847.155154677874,1189.5022603577959,1560.1551870276573,6825.678943246,15677.551202762834
SYNTHETIC-02,2025-11-01,21752.59432041936,3149.0351996176573,1635.6119179685415,3673.691901253515,2271.801645648986,5062.359268801581,568.3194790543548,2084.0867788231503,9788.667444188713,652.5778296125808,17970.37130127349
SYNTHETIC-03,2025-11-01,18569.720980774902,3156.4278081369703,1600.8264195233037,1978.4877947623036,2167.3990739575247,4861.730139046788,671.1475363515589,1012.2437556688689,2228.366517692988,1485.5776784619923,15475.908578166322
SYNTHETIC-04,2025-11-01,22040.624861762062,2956.6475489995864,1542.244136616351,781.3647420678473,2254.0380733652573,5000.3730260222765,610.0223994058579,471.70047653901764,1102.031243088103,3967.312475117171,13551.928891735866
SYNTHETIC-05,2025-11-01,19513.720767193226,3212.560949072122,1488.1864797230544,1770.7324667787195,1948.305885086783,4892.695117762462,668.4311890652376,917.6976788588029,1561.097661375458,6829.802268517629,15382.207424029411
SYNTHETIC-06,2025-11-01,19703.112004286806,3154.61330991819,1507.404556086044,3604.467340370589,2189.3444262744997,5000.455550194575,906.2554003659832,1721.6467127898538,8866.400401929062,591.0933601286041,17383.646285446197
SYNTHETIC-07,2025-11-01,19022.292504098994,3001.743345832508,1582.8125309716816,1856.7704637632971,2153.8904904543315,5122.285243189011,823.6234483783277,1022.0869397525879,2282.675100491879,1521.7834003279195,15900.14261271214
SYNTHETIC-08,2025-11-01,20490.76147417783,2932.622036786054,1583.7380206800005,913.2735747094413,2200.1607816105384,5176.754428662749,405.8953445751896,329.87789958085165,1024.5380737088915,3688.337065352009,13126.847437373795
SYNTHETIC-09,2025-11-01,19346.13083437615,2969.4470196280763,1319.1209222672344,1681.781036122701,2096.6989985771716,5294.890891049107,916.2090337296576,950.5900698778421,1547.690466750092,6771.145792031652,15101.48381964441
SYNTHETIC-10,2025-11-01,17931.43280506107,2771.024350412968,1485.9743776309772,3480.2577620107168,2189.817936200559,4807.975298114783,608.563065002769,2017.8352514363396,8069.144762277482,537.9429841518321,17489.621400033488
SYNTHETIC-11,2025-11-01,20751.449525735625,2841.5413219011557,1602.5622876162674,1703.9745964077779,2275.9429497528768,4998.723358805817,534.8335001106462,962.0562754502574,2490.173943088275,1660.11596205885,15047.511599767116
SYNTHETIC-00,2025-12-01,21103.33768485428,2983.0814523066697,1683.8134668721264,1020.9012925183871,2169.2015060320296,5090.014617456433,932.0552182225824,735.2581520939632,1055.166884242714,3798.60078327377,14184.525747214317
SYNTHETIC-01,2025-12-01,18332.24039991713,3178.190254408062,1373.0062738994836,1641.2950640049985,2141.6567043161144,5050.42720513695,687.7123952066685,921.932365551329,1466.5792319933703,6416.284139970995,14758.245900920028
SYNTHETIC-02,2025-12-01,18717.793284057123,2894.458844560927,1773.7959452731275,3635.7013285422668,2306.411086528569,4941.310703825729,677.6851987376741,1914.3735222355574,8423.006977825706,561.5337985217137,17215.63871248213
SYNTHETIC-03,2025-12-01,17519.58330167384,2782.7257584023528,1230.0259466458072,1656.5569230842277,2358.994681525796,4994.6676598754775,854.8676514785409,1049.317909228105,2102.349996200861,1401.5666641339071,15201.052119240612
SYNTHETIC-04,2025-12-01,18378.385408451766,3062.8741145031204,1587.4457080889215,830.8023249319568,2267.14484447394,5067.94253102898,634.05368546439,365.26778812748057,918.9192704225884,3308.1093735213176,13401.086080454394
SYNTHETIC-05,2025-12-01,20155.70997545863,3039.2411842547176,1404.8969003450502,1803.1902409591319,2268.4644443366183,5074.182885759836,886.2256144146986,1153.237699863765,1612.4567980366905,7054.498491410521,15278.986968469027
SYNTHETIC-06,2025-12-01,23030.455177168442,2936.282819453314,1625.3847374945312,3608.1583951261305,2150.542074585164,4783.076376827008,679.4122587740383,1812.874011763327,10363.704829725799,690.9136553150532,17934.285406568484
SYNTHETIC-07,2025-12-01,22730.226782850645,2904.370681284397,1536.2364891023126,1712.9530173590429,2124.581832383585,5092.939364463845,695.3754085787905,1208.7577650317214,2727.627213942077,1818.4181426280516,15106.433190657672
SYNTHETIC-08,2025-12-01,21798.805398454082,3011.6896095549337,1595.493361169308,846.3410811204064,2194.0529394938103,4986.140134484128,599.6731462185055,579.4497841498103,1089.9402699227041,3923.7849717217346,14040.42720814333
SYNTHETIC-09,2025-12-01,21068.39845083002,3184.435878470117,1673.9213761483563,1755.0066372181038,2244.7662782121015,4925.167917289014,702.8026379337466,928.0300661057362,1685.4718760664016,7373.939457790507,15981.155399574795
SYNTHETIC-10,2025-12-01,20654.656670617333,2973.8365046274694,1643.2342286227652,3339.5261508245508,1958.3076886161653,5095.500638626373,707.2562137740841,2030.0535560312912,9294.5955017778,619.63970011852,17283.476344961207
SYNTHETIC-11,2025-12-01,19958.179320469342,3240.421129248161,1598.9039543755036,1820.3647854171375,2147.3135307874077,4952.651257775673,444.4962532959979,1030.9168505105392,2394.981518456321,1596.6543456375475,15530.98684937907
